{
    "10:00:00": {
        "velocity": {
            "X": -24.070968627929688,
            "Y": -0.14248526096343994,
            "Z": 40.10742950439453
        },
        "rotation": {
            "Pitch": 0.01087153609842062,
            "Yaw": 0.9634643197059631,
            "Roll": 0.012838330119848251
        },
        "angular_velocity": {
            "X": 0.022887401282787323,
            "Y": -0.005151685792952776,
            "Z": -0.00367990811355412
        },
        "rot_unknown": 0.26730814576148987,
        "car_speed_kph": 168.3737045288086
    },
    "10:00:01": {
        "velocity": {
            "X": -14.417808532714844,
            "Y": 0.14540500938892365,
            "Z": 24.079166412353516
        },
        "rotation": {
            "Pitch": 0.016010155901312828,
            "Yaw": 0.9635286927223206,
            "Roll": 0.009306512773036957
        },
        "angular_velocity": {
            "X": 0.0088711678981781,
            "Y": 0.004903797525912523,
            "Z": 0.02523338980972767
        },
        "rot_unknown": 0.2669636011123657,
        "car_speed_kph": 101.02699127197266
    },
    "10:00:02": {
        "velocity": {
            "X": -5.727720737457275,
            "Y": 0.10527990758419037,
            "Z": 9.599180221557617
        },
        "rotation": {
            "Pitch": 0.022086741402745247,
            "Yaw": 0.9635370373725891,
            "Roll": 0.008243214339017868
        },
        "angular_velocity": {
            "X": 0.00029119261307641864,
            "Y": 0.001831398461945355,
            "Z": 0.006639968138188124
        },
        "rot_unknown": 0.2665347158908844,
        "car_speed_kph": 40.239315032958984
    },
    "10:00:03": {
        "velocity": {
            "X": 0.0,
            "Y": 0.0,
            "Z": -0.0
        },
        "rotation": {
            "Pitch": 0.023852894082665443,
            "Yaw": 0.9633744359016418,
            "Roll": 0.003906820435076952
        },
        "angular_velocity": {
            "X": 0.00436403788626194,
            "Y": -0.00026833725860342383,
            "Z": 0.00013011124974582344
        },
        "rot_unknown": 0.26706817746162415,
        "car_speed_kph": 0.0
    },
    "10:00:04": {
        "velocity": {
            "X": 0.005771895870566368,
            "Y": -0.00105712388176471,
            "Z": -0.010160742327570915
        },
        "rotation": {
            "Pitch": 0.023893142119050026,
            "Yaw": 0.96336829662323,
            "Roll": 0.0037653150502592325
        },
        "angular_velocity": {
            "X": 0.000308920512907207,
            "Y": -0.00029770415858365595,
            "Z": 0.00030420778784900904
        },
        "rot_unknown": 0.26708847284317017,
        "car_speed_kph": 0.042076480016112326
    },
    "10:00:05": {
        "velocity": {
            "X": -2.3590199947357178,
            "Y": 0.0441707968711853,
            "Z": 3.9447741508483887
        },
        "rotation": {
            "Pitch": 0.02554389089345932,
            "Yaw": 0.9634033441543579,
            "Roll": 0.0012929746881127357
        },
        "angular_velocity": {
            "X": -0.00026991014601662755,
            "Y": 0.0005632751854136586,
            "Z": 0.003325622994452715
        },
        "rot_unknown": 0.26683297753334045,
        "car_speed_kph": 16.54753704071045
    },
    "10:00:06": {
        "velocity": {
            "X": -5.505937576293945,
            "Y": 0.10129652917385101,
            "Z": 9.45169448852539
        },
        "rotation": {
            "Pitch": 0.028281480073928833,
            "Yaw": 0.9653854370117188,
            "Roll": 0.001934463158249855
        },
        "angular_velocity": {
            "X": 0.00018320896197110415,
            "Y": -0.03355718031525612,
            "Z": -0.038347359746694565
        },
        "rot_unknown": 0.25928282737731934,
        "car_speed_kph": 39.37984771728516
    },
    "10:00:07": {
        "velocity": {
            "X": -8.512906074523926,
            "Y": 0.14813461899757385,
            "Z": 16.162904739379883
        },
        "rotation": {
            "Pitch": 0.03219741955399513,
            "Yaw": 0.9700239896774292,
            "Roll": 0.0018533887341618538
        },
        "angular_velocity": {
            "X": 0.00767114432528615,
            "Y": 0.033257950097322464,
            "Z": 0.03089488297700882
        },
        "rot_unknown": 0.2408595234155655,
        "car_speed_kph": 65.76545791625976
    },
    "10:00:08": {
        "velocity": {
            "X": -12.768860816955566,
            "Y": 0.2629079818725586,
            "Z": 24.48590850830078
        },
        "rotation": {
            "Pitch": 0.03942468389868736,
            "Yaw": 0.970283031463623,
            "Roll": 0.0025382903404533863
        },
        "angular_velocity": {
            "X": 0.00026391088613308966,
            "Y": 0.003871120046824217,
            "Z": 0.0065780580043792725
        },
        "rot_unknown": 0.2387261986732483,
        "car_speed_kph": 99.41829071044923
    },
    "10:00:09": {
        "velocity": {
            "X": -15.600046157836914,
            "Y": 0.3405171036720276,
            "Z": 30.409290313720703
        },
        "rotation": {
            "Pitch": 0.050829749554395676,
            "Yaw": 0.9705340266227722,
            "Roll": 0.0055284760892391205
        },
        "angular_velocity": {
            "X": 0.007139904890209436,
            "Y": 0.054363783448934555,
            "Z": -0.013037647120654583
        },
        "rot_unknown": 0.23547665774822235,
        "car_speed_kph": 123.0437713623047
    },
    "10:00:10": {
        "velocity": {
            "X": -14.097380638122559,
            "Y": -0.0841839462518692,
            "Z": 37.219730377197266
        },
        "rotation": {
            "Pitch": 0.054205525666475296,
            "Yaw": 0.9825128316879272,
            "Roll": 0.011201990768313408
        },
        "angular_velocity": {
            "X": 0.06744377315044403,
            "Y": 0.25298619270324707,
            "Z": 0.016471942886710167
        },
        "rot_unknown": 0.17777718603610992,
        "car_speed_kph": 143.27902221679688
    },
    "10:00:11": {
        "velocity": {
            "X": -8.037370681762695,
            "Y": -0.011414172127842903,
            "Z": 43.77475357055664
        },
        "rotation": {
            "Pitch": 0.06752418726682663,
            "Yaw": 0.9939422011375427,
            "Roll": 0.005150542128831148
        },
        "angular_velocity": {
            "X": 0.06790775805711746,
            "Y": 0.3445342779159546,
            "Z": -0.03939403221011162
        },
        "rot_unknown": 0.08656109869480133,
        "car_speed_kph": 160.21932220458984
    },
    "10:00:12": {
        "velocity": {
            "X": 3.095292568206787,
            "Y": 0.39880695939064026,
            "Z": 48.499671936035156
        },
        "rotation": {
            "Pitch": -0.08129797875881195,
            "Yaw": -0.9959684014320374,
            "Roll": 0.007999133318662643
        },
        "angular_velocity": {
            "X": 0.13218241930007935,
            "Y": 0.42513948678970337,
            "Z": -0.026909571141004562
        },
        "rot_unknown": 0.037062469869852066,
        "car_speed_kph": 174.94648132324218
    },
    "10:00:13": {
        "velocity": {
            "X": 18.649703979492188,
            "Y": 0.1651124656200409,
            "Z": 47.982791900634766
        },
        "rotation": {
            "Pitch": -0.09925679117441177,
            "Yaw": -0.9776018857955933,
            "Roll": 0.021645639091730118
        },
        "angular_velocity": {
            "X": 0.10731695592403412,
            "Y": 0.2348661720752716,
            "Z": -0.06880898028612137
        },
        "rot_unknown": 0.18432147800922394,
        "car_speed_kph": 185.3272705078125
    },